{
    "0": {
        "enemies": [
            {
                "name": "Goblin",
                "health": 10,
                "attack_min": 1,
                "attack_max": 2,
                "heal_min": 1,
                "heal_max": 2
            }
        ]
    },

    "1": {
        "enemies": [
            {
                "name": "Skeleton Soldier",
                "health": 20,
                "attack_min": 2,
                "attack_max": 4,
                "heal_min": 1,
                "heal_max": 3
            }
        ]
    },

    "2": {
        "enemies": [
            {
                "name": "Goblin",
                "health": 15,
                "attack_min": 2,
                "attack_max": 3,
                "heal_min": 1,
                "heal_max": 3
            },
            {
                "name": "Skeleton Soldier",
                "health": 25,
                "attack_min": 2,
                "attack_max": 4,
                "heal_min": 1,
                "heal_max": 3
            }
        ]
    },

    "3": {
        "enemies": [
            {
                "name": "Skeleton Knight",
                "health": 50,
                "attack_min": 3,
                "attack_max": 6,
                "heal_min": 2,
                "heal_max": 4
            }
        ]
    },

    "4": {
        "enemies": [
            {
                "name": "Skeleton Knight",
                "health": 50,
                "attack_min": 3,
                "attack_max": 6,
                "heal_min": 2,
                "heal_max": 4
            },
            {
                "name": "Skeleton Soldier",
                "health": 25,
                "attack_min": 2,
                "attack_max": 4,
                "heal_min": 1,
                "heal_max": 3
            }
        ]
    },

    "5": {
        "enemies": [
            {
                "name": "Minotaur",
                "health": 75,
                "attack_min": 3,
                "attack_max": 6
            }
        ]
    },

    "6": {
        "enemies": [
            {
                "name": "Goblin",
                "health": 30,
                "attack_min": 3,
                "attack_max": 6,
                "heal_min": 3,
                "heal_max": 6
            },
            {
                "name": "Skeleton Soldier",
                "health": 45,
                "attack_min": 3,
                "attack_max": 6,
                "heal_min": 3,
                "heal_max": 6
            }
        ]
    }
}
